Vereador(a),Ano,Processo,Emenda,Objeto,Forma de Execução,Beneficiário,Diretoria,Valor da Emenda,Valor Empenhado,Valor Pago,Percentual do Valor empenhado pago,Situação,Observação
ALAN BRANDÃO,2025,00046.002709/2024-63,1/2025,Fortalecimento da ASSISTÊNCIA FARMACÊUTICA no âmbito da Atenção Primária em Saúde (UBS),DIRETA,FMS,DAB,"R$ 445.000,00","R$ 0,00","R$ 0,00","0,00%","Finalizada, não executada",Sem liberação de cota orçamentária
ALAN BRANDÃO,2025,00046.002766/2024-76,2/2025,Fortalecimento da ASSISTÊNCIA FARMACÊUTICA no âmbito da Atenção Primária em Saúde (UBS),DIRETA,FMS,DAB,"R$ 445.500,00","R$ 0,00","R$ 0,00","0,00%","Finalizada, não executada",Sem liberação de cota orçamentária
ALAN BRANDÃO,2025,00046.002765/2024-06,3/2025,Fortalecimento da ASSISTÊNCIA FARMACÊUTICA no âmbito da Atenção Primária em Saúde (UBS),DIRETA,FMS,DAB,"R$ 445.500,00","R$ 0,00","R$ 0,00","0,00%","Finalizada, não executada",Sem liberação de cota orçamentária
ALUÍSIO SAMPAIO,2025,00046.002759/2024-71,9/2025,"Realização de mutirões de consultas para redução de fila de espera de regulação pela FMS: Oftalmologia, Ortopedia e taumatologia, Cardiologia e Neuro. Realização de mutirão Oftalmológico para atender a população de Teresina com consultas, exames e cirurgias.",DIRETA,FMS,DRCAA,"R$ 1.334.000,00","R$ 0,00","R$ 0,00","0,00%","Finalizada, não executada",Objeto mudado em 15/12/2026.
ALUÍSIO SAMPAIO,2026,00046.009362/2025-73,1/2026,"Realização de mutirões de consultas para redução de fila de espera de regulação pela FMS: Oftalmologia, Ortopedia e taumatologia, Cardiologia e Neuro. Realização do Ação Pela Visão tem o intuito de atender a população com consultas, exames e cirurgias, relacionados a deficiência visual.",INDIRETA,Associação Piauiense Desenvolver – APD,DRCAA,"R$ 1.507.000,00","R$ 0,00","R$ 0,00","0,00%",Está na SEMPLAN,Não enviada para FMS
ANA FIDELIS,2026,00046.009372/2025-94,1/2026,Aquisição de Equipamentos para Atenção Especializada (UPAS/Hospitais/Maternidades/CAPS). HOSPITAL DO BUENOS AIRES - UPA RENASCENÇA- UBS IRMÃ DULCE- UBS CAMPESTRE,DIRETA,FMS,DAE,"R$ 1.507.000,00","R$ 0,00","R$ 0,00","0,00%",Validada,Processo está na DPLAN Atualizando Plano de Trabalho
BRUNO VILARINHO,2025,00046.002763/2024-60,4/2025,"Realização de mutirões de consultas para redução de fila de espera de regulação pela FMS: Oftalmologia, Ortopedia e taumatologia, Cardiologia e Neuro.",INDIRETA,Associação Piauiense Desenvolver – APD,DRCAA,"R$ 600.000,00","R$ 0,00","R$ 0,00","0,00%",Impedimento Técnico,Impedida em 15/12/2026
BRUNO VILARINHO,2025,00046.002762/2024-87,3/2025,"Realização de mutirões de consultas para redução de fila de espera de regulação pela FMS: Oftalmologia, Ortopedia e taumatologia, Cardiologia e Neuro.",INDIRETA,Associação Piauiense Desenvolver – APD,DRCAA,"R$ 734.000,00","R$ 0,00","R$ 0,00","0,00%",Impedimento Técnico,Impedida em 15/12/2026
BRUNO VILARINHO,2026,00046.009383/2025-88,2/2026,"Implementação de AÇÕES de EDUCAÇÃO permanente no âmbito da assistência à saúde da FMS. PROJETO Festival Educacional MENTES INCRÍVEIS .Módulo 2 : Conteudo, Equipe,Acessibilidade e Logistica.",INDIRETA,Clínica Batista Peggy Pemble,DAE,"R$ 757.000,00","R$ 0,00","R$ 0,00","0,00%",Em validação,Está na DPLAN aguardando as mudanças no plano de trabalho pela Clínica Batista.
BRUNO VILARINHO,2026,00046.009382/2025-18,1/2026,"Implementação de AÇÕES de EDUCAÇÃO permanente no âmbito da assistência à saúde da FMS. PROJETO Festival Educacional MENTES INCRÍVEIS Módulo 1 : Infraestrutura, Tecnologia e Espaços Físicos",INDIRETA,Clínica Batista Peggy Pemble,DAE,"R$ 750.000,00","R$ 0,00","R$ 0,00","0,00%",Em validação,Está na DPLAN aguardando as mudanças no plano de trabalho pela Clínica Batista.
CAPITÃO ROBERVAL QUEIROZ,2025,00046.002740/2024-02,5/2025,Implementação de AÇÕES de EDUCAÇÃO permanente no âmbito da assistência à saúde da FMS,INDIRETA,Comunidade Terapêutica Hebron,DAB,"R$ 724.000,00","R$ 0,00","R$ 0,00","0,00%","Finalizada, não executada",Sem liberação de cota orçamentária
CAPITÃO ROBERVAL QUEIROZ,2025,00046.002741/2024-72,6/2025,Implementação de AÇÕES de EDUCAÇÃO permanente no âmbito da assistência à saúde da FMS,INDIRETA,Comunidade Terapêutica Hebron,DAB,"R$ 724.000,00","R$ 0,00","R$ 0,00","0,00%",Impedimento Técnico,
CARLOS RIBEIRO,2026,00046.009396/2025-28,6/2026,Estruturação da Atenção Primária em Saúde (Equipamentos UBS). ESTRUTURACAO DA UBS SAO VICENTE,DIRETA,FMS,DAB,"R$ 1.507.000,00","R$ 0,00","R$ 0,00","0,00%",Impedimento Técnico,Impedimento de Ordem Técnica enviado ao vereador em 11/08/2026.
CARPEJANNE GOMES,2026,00046.009408/2025-92,8/2026,Implementação de AÇÕES de EDUCAÇÃO permanente no âmbito da assistência à saúde da FMS. PROJETO TERESINA VIVA 2° EDIÇÃO.,INDIRETA,Comunidade Terapêutica Hebron,DAB,"R$ 1.513.000,00","R$ 0,00","R$ 0,00","0,00%",Está na SEMPLAN,Não enviada para a FMS
DANIEL CARVALHO,2026,00046.009412/2025-81,12/2026,Incremento temporário MAC para Ações Qualitativas por Estabelecimentos Contratualizados/Conveniados. Projeto Visão Infantil e Saúde Integral: Diagnóstico Oftalmológico e Avaliações Multiprofissionais com Entrega de Óculos em Teresina/PI,INDIRETA,Clínica Batista Peggy Pemble,DAB,"R$ 1.168.000,00","R$ 0,00","R$ 0,00","0,00%",Em validação,No Conselho Municipal de Saúde de Teresina para análise da Habilitação da Organização.
DEOLINDO MOURA,2025,00046.002730/2024-78,8/2025,"Realização de mutirões de exames para redução de fila de espera de regulação pela FMS: Endoscopia, Colonoscopia, Ultrassonografia e Ecocardiografia. PROJETO ACOLHER",INDIRETA,Associação Brasileira de Pesquisa e Tratamentos Multidisciplinares da Paralisia Cerebral - Instituto Rizo Movement,DRCAA,"R$ 665.500,00","R$ 665.500,00","R$ 332.750,00","50,0%",Em execução,"1ª Parcela paga. Gestor emitiu Parecer Técnico da Prestação de Contas, mas NÃO LIBEROU 2ª PARCELA. Aguardando análise financeira/contábil, despesas antes da vigência do termo de Fomento. PROCESSO DE PRESTAÇÃO DE CONTAS: 00045.038554/2026-61 está no Gabinete da Presidência."
DEOLINDO MOURA,2025,00046.002729/2024-08,7/2025,"Realização de mutirões de exames para redução de fila de espera de regulação pela FMS: Endoscopia, Colonoscopia, Ultrassonografia e Ecocardiografia. PROJETO ACOLHER 2 .",INDIRETA,Associação Brasileira de Pesquisa e Tratamentos Multidisciplinares da Paralisia Cerebral - Instituto Rizo Movement,DRCAA,"R$ 665.500,00","R$ 665.500,00","R$ 0,00","0,00%",Validada,Aguardando finalização da Emenda nº 8/2025 para que não ocorra sobreposição de objetos.
DEOLINDO MOURA,2026,00046.009434/2025-69,1/2026,"Realização de mutirões de consultas para redução de fila de espera de regulação pela FMS: Oftalmologia, Ortopedia e taumatologia, Cardiologia e Neuro. Mutirão da Visão: Um olhar para o futuro",INDIRETA,Associação Piauiense Desenvolver – APD,DRCAA,"R$ 1.507.000,00","R$ 0,00","R$ 0,00","0,00%",Está na SEMPLAN,Não foi enviada para a FMS.
EDILBERTO BORGES,2025,00046.002733/2024-94,1/2025,Estruturação da Atenção Primária em Saúde - Equipamentos Odontológicos,DIRETA,FMS,DAB,"R$ 1.335.000,00","R$ 79.120,80","R$ 79.120,80","100,00%","Finalizada, executada",
EDILBERTO BORGES,2026,00046.009442/2025-47,1/2026,Incremento temporário MAC para Ações Qualitativas por Estabelecimentos Contratualizados/Conveniados. Projeto Visão Infantil e Saúde Integral: Diagnóstico Oftalmológico e Avaliações Multiprofissionais com Entrega de Óculos em Teresina/PI ZONA NORTE,INDIRETA,Clínica Batista Peggy Pemble,DAB,"R$ 1.168.000,00","R$ 0,00","R$ 0,00","0,00%",Em validação,No Conselho Municipal de Saúde de Teresina para análise da Habilitação da Organização.
EDUARDO DRAGA ALANA,2026,00046.009455/2025-84,3/2026,"Realização de mutirões de exames para redução de fila de espera de regulação pela FMS: Endoscopia, Colonoscopia, Ultrassonografia e Ecocardiografia.",INDIRETA,Fundação para o Desenvolvimento Sustentável do Estado do Piauí – FUNDESP,DRCAA,"R$ 1.407.000,00","R$ 0,00","R$ 0,00","0,00%",Está na SEMPLAN,Não foi enviada para a FMS.
EDUARDO DRAGA ALANA,2026,00046.009461/2025-19,8/2026,Aquisição de Equipamentos para Atenção Especializada (UPAS/Hospitais/Maternidades/CAPS). AQUISIÇÃO DE MATERIAIS CENTRO CIRURGICO DO CENTRO MARIA IMACULADA,INDIRETA,Ação Social Arquidiocesana,DAE,"R$ 50.000,00","R$ 0,00","R$ 0,00","0,00%",Está na SEMPLAN,não foi enviada para a FMS.
EDUARDO DRAGA ALANA,2026,00046.009462/2025-89,9/2026,Reforma e manutenção de Unidades da Atenção Especializada. REFORMA DA AMA.,INDIRETA,Associação de Amigos dos Autistas do Piauí – AMA,DAE,"R$ 49.995,00","R$ 0,00","R$ 0,00","0,00%",Está na SEMPLAN,não foi enviada para a FMS.
ELZUILA CALISTO,2025,00046.002715/2024-95,1/2025,Estruturação da Atenção Especializada em Saúde - Compra de Medicamentos,DIRETA,FMS,DAE,"R$ 1.334.000,00","R$ 1.329.657,16","R$ 884.516,16","88,43%",Em execução,"Foi anulado  R$ 329.444,31"
ELZUILA CALISTO,2026,00046.009471/2025-40,9/2026,"Realização de mutirões de consultas para redução de fila de espera de regulação pela FMS: Oftalmologia, Ortopedia e taumatologia, Cardiologia e Neuro. OCI OFTALMOLOGIA",INDIRETA,Clínica Batista Peggy Pemble,DAE,"R$ 200.000,00","R$ 0,00","R$ 0,00","0,00%",Em validação,Está na DPLAN aguardando alterações no plano de trabalho pela Clínica Batista.
ELZUILA CALISTO,2026,00046.009470/2025-67,8/2026,Incremento MAC - Fortalecimento da Rede Própria da Atenção Especializada da FMS,DIRETA,FMS,DAE,"R$ 600.000,00","R$ 0,00","R$ 0,00","0,00%",Impedimento Técnico,Impedimento técnico. Situação no SEI diverge da situação no SECIEPI (consta como indireta para a Associação Piauiense Desenvolver – APD). Ofício de impedimento enviado para a vereadora em 12/03/2026.
ELZUILA CALISTO,2026,00046.009463/2025-62,1/2026,"Realização de mutirões de consultas para redução de fila de espera de regulação pela FMS: Oftalmologia, Ortopedia e taumatologia, Cardiologia e Neuro. MUTIRÃO DE OFTALMOLOGIA.",INDIRETA,Associação Piauiense Desenvolver – APD,DRCAA,"R$ 707.000,00","R$ 0,00","R$ 0,00","0,00%",Está na SEMPLAN,não foi enviada para a FMS.
ENZO SAMUEL,2025,00046.002699/2024-42,8/2025,"Realização de mutirões de consultas para redução de fila de espera de regulação pela FMS: Oftalmologia, Ortopedia e taumatologia, Cardiologia e Neuro. PROJETO: REDE INTEGRAR.",INDIRETA,Associação Brasileira de Pesquisa e Tratamentos Multidisciplinares da Paralisia Cerebral - Instituto Rizo Movement,DRCAA,"R$ 500.000,00","R$ 500.000,00","R$ 500.000,00","100,00%",Em execução,2ª Parcela paga em 08/09/2026. Aguardando Prestação de Contas
ENZO SAMUEL,2025,00046.002698/2024-69,7/2025,"Realização de mutirões de consultas para redução de fila de espera de regulação pela FMS: Oftalmologia, Ortopedia e taumatologia, Cardiologia e Neuro. PROJETO: REDE INTEGRAR 2.0",INDIRETA,Associação Brasileira de Pesquisa e Tratamentos Multidisciplinares da Paralisia Cerebral - Instituto Rizo Movement,DRCAA,"R$ 400.000,00","R$ 400.000,00","R$ 0,00","0,00%",Validada,Aguardando finalização da Emenda 00046.002699/2024-42 para que não ocorra sobreposição do objeto.
ENZO SAMUEL,2025,00046.002700/2024-15,9/2025,Dispensação de bolsas para usuários ostomizados atendidos pelo CISLA,DIRETA,FMS,DAE,"R$ 434.000,00","R$ 0,00","R$ 0,00","0,00%","Finalizada, não executada",Objeto mudado em 15/12/2026.
ENZO SAMUEL,2026,00046.009479/2025-18,8/2026,"Realização de mutirões de consultas para redução de fila de espera de regulação pela FMS: Oftalmologia, Ortopedia e taumatologia, Cardiologia e Neuro. Realização de Mutirões.",INDIRETA,Associação Brasileira de Pesquisa e Tratamentos Multidisciplinares da Paralisia Cerebral - Instituto Rizo Movement,DRCAA,"R$ 503.500,00","R$ 0,00","R$ 0,00","0,00%",Está na SEMPLAN,não foi enviada para a FMS.
ENZO SAMUEL,2026,00046.009478/2025-45,7/2026,"Realização de mutirões de consultas para redução de fila de espera de regulação pela FMS: Oftalmologia, Ortopedia e taumatologia, Cardiologia e Neuro. Realização de Mutirões.",INDIRETA,Associação Brasileira de Pesquisa e Tratamentos Multidisciplinares da Paralisia Cerebral - Instituto Rizo Movement,DRCAA,"R$ 503.500,00","R$ 0,00","R$ 0,00","0,00%",Está na SEMPLAN,não foi enviada para a FMS.
ENZO SAMUEL,2026,00046.009474/2025-56,3/2026,Implementação de AÇÕES de EDUCAÇÃO permanente no âmbito da assistência à saúde da FMS. Projeto Teresina que Cuida: Ação Integrada em Feridas e Ostomias.,INDIRETA,Clínica Batista Peggy Pemble,DAE,"R$ 500.000,00","R$ 0,00","R$ 0,00","0,00%",Em validação,Está na DPLAN aguardando mudanças no plano de trabalho pela Clínica Batista.
EVANDRO HIDD,2025,00046.002703/2024-31,3/2025,Implementação de AÇÕES de EDUCAÇÃO permanente no âmbito da assistência à saúde da FMS,INDIRETA,Associação Brasileira de Pesquisa e Tratamentos Multidisciplinares da Paralisia Cerebral - Instituto Rizo Movement,DAE,"R$ 1.334.000,00","R$ 0,00","R$ 0,00","0,00%","Finalizada, não executada",
FERNANDA GOMES,2025,00046.002680/2024-70,6/2025,Projeto Saúde em Foco: Atendimento Especializado e Acessível para Crianças e Adolescentes no SUS,INDIRETA,Associação Brasileira de Pesquisa e Tratamentos Multidisciplinares da Paralisia Cerebral - Instituto Rizo Movement,DRCAA,"R$ 500.000,00","R$ 500.000,00","R$ 500.000,00","100,00%",Em execução,"Pago em sua totalidade, agurdando prestação de contas"
FERNANDA GOMES,2025,00046.002681/2024-43,7/2025,Fortalecimento da Assistência Farmacêutica no âmbito da Atenção Primária em Saúde (UBS),DIRETA,FMS,DAB,"R$ 334.000,00","R$ 331.859,8","R$ 292.997,07","90,75%",Em execução,"Foi anulado R$ 9.004,80"
FERNANDA GOMES,2025,00046.002682/2024-16,8/2025,Projeto Trajetórias Vivas,INDIRETA,Associação Brasileira de Pesquisa e Tratamentos Multidisciplinares da Paralisia Cerebral - Instituto Rizo Movement,DRCAA,"R$ 500.000,00","R$ 500.000,00","R$ 0,00","0,00%",Validada,Aguardando finalização da Emenda 6/2026 para não ocorrer sobreposição de objeto
FERNANDA GOMES,2026,00046.009487/2025-93,6/2026,Projeto Visão Infantil e Saúde Integral: Diagnóstico Oftalmológico e Avaliações Multiprofissionais com Entrega de Óculos - Zona Rural Sul,INDIRETA,Clínica Batista Peggy Pemble,DAB,"R$ 711.325,00","R$ 0,00","R$ 0,00","0,00%",Em validação,No Conselho Municipal de Saúde para análise da Habilitação da Organização.
FERNANDA GOMES,2026,00046.009488/2025-66,7/2026,Aquisição de Equipamentos para Atenção Especializada - Aquisição de Moto para o SAMU,DIRETA,FMS,DAE,"R$ 44.394,92","R$ 0,00","R$ 0,00","0,00%",Impedimento Técnico,Ofício de impedimento enviado para a vereadora em 06/05/2026.
FERNANDA GOMES,2026,00046.009489/2025-39,8/2026,Implementação de AÇÕES de EDUCAÇÃO permanente no âmbito da assistência à saúde da FMS Projeto Longevidade Ativa: Saúde e Bem-Estar no Envelhecimento,INDIRETA,Clínica Batista Peggy Pemble,DAE,"R$ 711.325,00","R$ 0,00","R$ 0,00","0,00%",Em validação,Processo está na DPLAN aguardando as mudanças no plano de trabalho pela Clínica Batista.
FERNANDO LIMA,2026,00046.009497/2025-17,7/2026,"Realização de mutirões de consultas para redução de fila de espera de regulação pela FMS: Oftalmologia, Ortopedia e taumatologia, Cardiologia e Neuro. Mutirão Saúde Inclusiva – Diagnóstico e Acompanhamento Multiprofissional de Crianças e Adolescentes PCD.",INDIRETA,Associação Viva com Esperança,DRCAA,"R$ 1.507.000,00","R$ 0,00","R$ 0,00","0,00%",Está na SEMPLAN,não foi enviada para a FMS.
GUSTAVO CARVALHO,2025,00046.002668/2024-06,6/2025,"Realização de multirões de consultas para redução de fila de espera de regulação pela FMS: Oftalmologia, Ortopedia e taumatologia, Cardiologia e Neuro",INDIRETA,Associação Piauiense Desenvolver – APD,DRCAA,"R$ 1.334.000,00","R$ 0,00","R$ 0,00","0,00%",Impedimento Técnico,
INÁCIO CARVALHO,2026,00046.009501/2025-06,1/2026,"Realização de mutirões de consultas para redução de fila de espera de regulação pela FMS: Oftalmologia, Ortopedia e taumatologia, Cardiologia e Neuro. Projeto Mutirão da Saúde Ocular",INDIRETA,Associação Piauiense Desenvolver – APD,DRCAA,"R$ 1.507.000,00","R$ 0,00","R$ 0,00","0,00%",Está na SEMPLAN,não foi enviada para a FMS.
ISMAEL SILVA,2025,00046.002671/2024-22,1/2025,Assistência Nutricional: Dispensação de dietas enterais para adulto ou fórmulas infantis especiais para usuário do SUS (GENUT/FMS),DIRETA,FMS,DAE,"R$ 1.000.000,00","R$ 0,00","R$ 0,00","0,00%","Finalizada, não executada",
ISMAEL SILVA,2025,00046.002678/2024-27,6/2025,"Implementação de AÇÕES de EDUCAÇÃO permanente no âmbito da assistência à saúde da FMS. Acolhimento, capacitação e defesa dos direitos da Pessoa com Deficiência",INDIRETA,ASSOCIACÃO DOS AMIGOS E FAMILIARES DA PESSOA COM AUTISMO – AAFAPA - PRISMAS,DAE,"R$ 344.000,00","R$ 344.000,00","R$ 344.000,00","100,00%","Finalizada, executada",Prestação de Contas Final no proceso: 00045.076723/2025-29. Está na CGM desde 14/05/2026.
ISMAEL SILVA,2026,00046.009515/2025-16,7/2026,Implementação de AÇÕES de EDUCAÇÃO permanente no âmbito da assistência à saúde da FMS. Clube da Gestante,INDIRETA,"Associação de Apoio Assistencial, Cultural e Educacional Maria do Amparo-AACEMA",DAB,"R$ 500.000,00","R$ 0,00","R$ 0,00","0,00%",Está na SEMPLAN,não foi enviada para a FMS.
ISMAEL SILVA,2026,00046.009514/2025-43,6/2026,"Implementação de AÇÕES de EDUCAÇÃO permanente no âmbito da assistência à saúde da FMS. Acolhimento, capacitação e defesa dos direitos da Pessoa com Deficiência.",INDIRETA,ASSOCIACÃO DOS AMIGOS E FAMILIARES DA PESSOA COM AUTISMO – AAFAPA - PRISMAS,DAE,"R$ 300.000,00","R$ 0,00","R$ 0,00","0,00%",Impedimento Técnico,Impedimento de Ordem Técnica. Emenda está no SEI com execução direta. Ofício enviado pela SEMPLAN ao vereador em 02/06/2026.
ISMAEL SILVA,2026,00046.009509/2025-81,1/2026,Assistência Nutricional: Dispensação de dietas enterais para adulto ou fórmulas infantis especiais para usuário do SUS (GENUT/FMS),DIRETA,FMS,DAE,"R$ 707.000,00","R$ 706.929,66","R$ 509.377,86","72,05%",Em execução,Em execução. 
JAMES GUERRA,2026,00046.009424/2025-48,1/2026,Reforma de Unidade Básica de Saúde – UBS. Reforma da UBS Reginaldo M Castro – Renascença,DIRETA,FMS,DAB,"R$ 506.000,00","R$ 506.000,00","R$ 0,00","0,00%",Em execução,"Empenho emitido. Ordem de Serviço nº 01/2026 (Contrato nº 356/2026 - F E L Construtora LTDA) enviada para a empresa. Ordem de serviço no valor de R$ 488.499,00. Programado para setembro ""desmobilizar"" a UBS e iniciar a execução dos serviços."
JAMES GUERRA,2026,00046.009426/2025-91,3/2026,"Realização de multirões de consultas para redução de fila de espera de regulação pela FMS: Oftalmologia, Ortopedia e taumatologia, Cardiologia e Neuro",INDIRETA,Clínica Batista Peggy Pemble,DAB,"R$ 662.000,00","R$ 0,00","R$ 0,00","0,00%",Impedimento Técnico,Objeto errado. Ofício enviado pela SEMPLAN em 01/09/2026 para o GABINETE DO VEREADOR.
JOÃO PEREIRA,2026,00046.009520/2025-75,3/2026,Reforma da UPA Satélite,DIRETA,FMS,DAB,"R$ 100.000,00","R$ 100.000,00","R$ 0,00","0,00%",Em execução,Contrato 212 (MUTUAL) Ordem de serviço emitida e assinada em 08/2026. Projeto realizado pela GEA. Vistoria realizada com engenheiro da Empresa na UBS para mostragem dos serviços à sereme xecutados. Início da reforma na fila.
JOÃO PEREIRA,2026,00046.009519/2025-05,2/2026,Estruturação da Atenção Primária em Saúde (Equipamentos UBS),DIRETA,FMS,DAB,"R$ 150.000,00","R$ 74.580,00","R$ 0,00","0,00%",Em execução,Empenho emitido
JOÃO PEREIRA,2026,00046.009518/2025-32,1/2026,Implementação de Ações de Educação Permanente no âmbito da assistência à saúde da FMS,DIRETA,FMS,DAB,"R$ 1.357.000,00","R$ 0,00","R$ 0,00","0,00%",Está na SEMPLAN,não foi enviada para a FMS. Dados no SEI divergem do SECIEPI (consta como indireta para a AACEMA).
JOAQUIM CALDAS,2025,00046.002663/2024-44,3/2025,"ATENDIMENTOS EM OFERTAS DE CUIDADOS INTEGRADOS EM ONCOLOGIA DO APARELHO DIGESTIVO, CARDIOLOGIA E SAÚDE DA MULHER",INDIRETA,Clínica Batista Peggy Pemble,DRCAA,"R$ 610.000,00","R$ 610.000,00","R$ 610.000,00","100,00%",Em execução," 3ª Prestação de Contas realizada, está na CMA"
JOAQUIM CALDAS,2025,00046.002664/2024-17,4/2025,Projeto Teresina Viva (00045.072269/2025-07),INDIRETA,Comunidade Terapêutica Hebron,DAB,"R$ 724.000,00","R$ 724.000,00","R$ 724.000,00","100,00%",Executada,Prestação de Contas na Controladoria Geral do Município desde 08/06/2026.
JOAQUIM CALDAS,2026,00046.009528/2025-53,1/2026,"Realização de mutirões de consultas para redução de fila de espera de regulação pela FMS: Oftalmologia, Ortopedia e taumatologia, Cardiologia e Neuro",INDIRETA,Associação Piauiense Desenvolver – APD,DRCAA,"R$ 757.000,00","R$ 0,00","R$ 0,00","0,00%",Está na SEMPLAN,não foi enviada para a FMS.
JOAQUIM CALDAS,2026,00046.009532/2025-42,5/2026,Implementação de Ações de Educação Permanente no âmbito da assistência à saúde da FMS,INDIRETA,Instituto Projetando o Resgate da Cidadania de Crianças e Adolescentes,DAB,"R$ 757.000,00","R$ 0,00","R$ 0,00","0,00%",Está na SEMPLAN,não foi enviada para a FMS.
JUCA ALVES,2026,00046.009543/2025-36,6/2026,Aquisição ou Reforma da Tubulação de Oxigênio Defeituosa do Hospital do Promorar,DIRETA,FMS,DAE,"R$ 56.994,30","R$ 0,00","R$ 0,00","0,00%",Impedimento Técnico,Está na DPLAN. Inicialmente foi proposto reparo na bomba de ar comprimido; a Diretoria do Hospital afirma que o sistema de vácuo (aspiração) passou por manutenção em 05/05/2026. Devolvido para SEMPLAN em 10/09/2026.
JUCA ALVES,2026,00046.009542/2025-63,5/2026,"Realização de mutirões de consultas para redução de fila de espera de regulação pela FMS: Oftalmologia, Ortopedia e taumatologia, Cardiologia e Neuro. Projeto Visão Infantil e Saúde Integral: Diagnóstico Oftalmológico e Avaliações Multiprofissionais com Entrega de Óculos em Teresina/PI ZONA SUL.",INDIRETA,Clínica Batista Peggy Pemble,DAB,"R$ 1.168.000,00",0,"R$ 0,00","0,00%",Impedimento Técnico,Impedimento de Ordem Técnica. Ofício enviado pela SEMPLAN em 08/08/2026.
LEONIDAS JÚNIOR,2026,00046.009555/2025-03,9/2026,Chamamento Público para Realização de Mutirões de Consultas e Exames para Redução da Fila de Espera. Projeto Avançar – Inclusão e Saúde para Crianças e Adolescentes PCD,INDIRETA,Associação Viva com Esperança,DRCAA,"R$ 962.485,00","R$ 0,00","R$ 0,00","0,00%",Está na SEMPLAN,não foi enviada para a FMS.
LEONIDAS JÚNIOR,2026,00046.009548/2025-95,2/2026,Dispensação de Medicamentos pelos CAPS,DIRETA,FMS,DAE,"R$ 202.310,06","R$ 0,00","R$ 0,00","0,00%",Está na SEMPLAN,não foi enviada para a FMS.
LEONIDAS JÚNIOR,2026,00046.009547/2025-25,1/2026,Aquisição de veículo tipo Van para transporte interhospitalar pela CRT,DIRETA,FMS,DAE,"R$ 344.515,00","R$ 0,00","R$ 0,00","0,00%",Em validação,Em processo de licitação (00045.027890/2026-93 e 00045.044858/2026-88).
LEVINO DE JESUS,2025,00046.002650/2024-07,6/2025,Implementação de AÇÕES de EDUCAÇÃO permanente no âmbito da assistência à saúde da FMS,INDIRETA,Comunidade Terapêutica Hebron,DAB,"R$ 610.000,00","R$ 0,00","R$ 0,00","0,00%",Impedimento Técnico,
LEVINO DE JESUS,2025,00046.002651/2024-77,7/2025,Implementação de AÇÕES de EDUCAÇÃO permanente no âmbito da assistência à saúde da FMS,INDIRETA,Comunidade Terapêutica Hebron,DAB,"R$ 724.000,00","R$ 0,00","R$ 0,00","0,00%","Finalizada, não executada",
LUCY ALVES,2026,00046.009556/2025-73,1/2026,Implementação de Ações de Educação Permanente no âmbito da assistência à saúde da FMS,INDIRETA,Instituto de Inovação e Projetos – INOVE,DAB,"R$ 1.507.500,00","R$ 0,00","R$ 0,00","0,00%",Impedimento Técnico,Impedimento de Ordem Técnica. Informação no SEI diverge da informação no SECIEPI. Ofício enviado pela SEMPLAN à vereadora em 12/03/2026.
LUIS ANDRÉ,2025,00046.002641/2024-56,6/2025,"Realização de mutirões de consultas para redução de fila de espera de regulação pela FMS: Oftalmologia, Ortopedia e taumatologia, Cardiologia e Neuro. ATENDIMENTO E OFERTA DE CUIDADOS INTEGRADOS EM OFTALMOLOGIA, CARDIOLOGIA E ORTOPEDIA.",INDIRETA,Clínica Batista Peggy Pemble,DRCAA,"R$ 1.334.000,00","R$ 1.334.000,00","R$ 1.334.000,00","100,00%",Em execução, Pago em sua totalidade. Aguardando 3ª Prestação de Contas
LUIS ANDRÉ,2026,00046.009572/2025-29,8/2026,Incremento temporário MAC para Ações Qualitativas por Estabelecimentos Contratualizados/Conveniados. Projeto Visão Infantil e Saúde Integral: Diagnóstico Oftalmológico e Avaliações Multiprofissionais com Entrega de Óculos em Teresina/PI ZONA RURAL LESTE.,INDIRETA,Clínica Batista Peggy Pemble,DAB,"R$ 1.168.000,00","R$ 0,00","R$ 0,00","0,00%",Em validação,No Conselho Municipal de Saúde de Teresina para análise da Habilitação da Organização.
LUIS LOBÃO,2025,00046.002627/2024-46,4/2025,Implementação de Ações de Educação Permanente no âmbito da assistência à saúde da FMS,INDIRETA,Comunidade Terapêutica Hebron,DAB,"R$ 1.000.000,00","R$ 0,00","R$ 0,00","0,00%","Finalizada, não executada",
MARKIM COSTA,2025,00046.002605/2024-58,7/2025,Implementação de Ações de Educação Permanente no âmbito da assistência à saúde da FMS,INDIRETA,FUNDAÇÃO DR. ROOSEVELT BASTOS,DAB,"R$ 337.000,00","R$ 0,00","R$ 0,00","0,00%",Impedimento Técnico,
MARKIM COSTA,2025,00046.002602/2024-42,8/2025,Implementação de Ações de Educação Permanente no âmbito da assistência à saúde da FMS,INDIRETA,Comunidade Terapêutica Hebron,DAB,"R$ 500.000,00","R$ 0,00","R$ 0,00","0,00%",Impedimento Técnico,
MARKIM COSTA,2025,00046.002601/2024-69,9/2025,Implementação de Ações de Educação Permanente no âmbito da assistência à saúde da FMS,INDIRETA,Comunidade Terapêutica Hebron,DAB,"R$ 497.000,00","R$ 0,00","R$ 0,00","0,00%",Impedimento Técnico,
NETO DO ANGELIM,2025,00046.002595/2024-37,7/2025,Implementação de Ações de Educação Permanente no âmbito da assistência à saúde da FMS,INDIRETA,Associação Brasileira de Pesquisa e Tratamentos Multidisciplinares da Paralisia Cerebral - Instituto Rizo Movement,DAB,"R$ 400.000,00","R$ 0,00","R$ 0,00","0,00%",Impedimento Técnico,
NETO DO ANGELIM,2025,00046.002596/2024-10,8/2025,Implementação de Ações de Educação Permanente no âmbito da assistência à saúde da FMS,INDIRETA,Associação Brasileira de Pesquisa e Tratamentos Multidisciplinares da Paralisia Cerebral - Instituto Rizo Movement,DAB,"R$ 933.900,00","R$ 0,00","R$ 0,00","0,00%",Impedimento Técnico,
PAULO LOPES,2025,00046.002576/2024-65,5/2025,Fortalecimento da ASSISTÊNCIA FARMACÊUTICA no âmbito da Atenção Primária em Saúde (UBS),DIRETA,FMS,DAB,"R$ 700.000,00","R$ 0,00","R$ 0,00","0,00%","Finalizada, não executada",Cotas orçamentárias não liberadas
PAULO LOPES,2025,00046.002577/2024-38,6/2025,Fortalecimento da ASSISTÊNCIA FARMACÊUTICA no âmbito da Atenção Primária em Saúde (UBS),DIRETA,FMS,DAB,"R$ 634.000,00","R$ 0,00","R$ 0,00","0,00%","Finalizada, não executada",Cotas orçamentárias não liberadas
POLLYANA ROCHA,2025,00046.002582/2024-97,1/2025,Implementação de AÇÕES de EDUCAÇÃO permanente no âmbito da assistência à saúde da FMS,INDIRETA,Associação Brasileira de Pesquisa e Tratamentos Multidisciplinares da Paralisia Cerebral - Instituto Rizo Movement,DAB,"R$ 493.276,88","R$ 0,00","R$ 0,00","0,00%","Finalizada, não executada",
POLLYANA ROCHA,2025,00046.002569/2024-60,7/2025,Implementação de AÇÕES de EDUCAÇÃO permanente no âmbito da assistência à saúde da FMS,INDIRETA,Associação Brasileira de Pesquisa e Tratamentos Multidisciplinares da Paralisia Cerebral - Instituto Rizo Movement,DAB,"R$ 839.188,18","R$ 0,00","R$ 0,00","0,00%",Impedimento Técnico,
PETRUS EVELYN,2026,00046.009574/2025-72,1/2026,Aquisição de Unidade Móvel de Saúde/SAMU - Compra de 2 Veículos Automotor Furgão,DIRETA,FMS,DAE,"R$ 725.117,01","R$ 0,00","R$ 0,00","0,00%",Em validação,Em licitação
PETRUS EVELYN,2026,00046.009576/2025-18,3/2026,Fomento às ações de Inclusão de usuários atendidos pelos CAPS na política Geração de Trabalho e Renda,DIRETA,FMS,DAE,"R$ 50.000,00","R$ 0,00","R$ 0,00","0,00%",Em validação,Está na DPLAN para fazer Plano de trabalho em conjunto com área técnica
PETRUS EVELYN,2026,00046.009579/2025-34,5/2026,Compra de Equipamentos para o Hospital de Urgência de Teresina (HUT),DIRETA,FMS,DAE,"R$ 781.882,99","R$ 0,00","R$ 0,00","0,00%",Em validação,Em licitação.
RENATO BERGER,2025,00046.002562/2024-55,1/2025,Implementação de AÇÕES de EDUCAÇÃO permanente no âmbito da assistência à saúde da FMS,INDIRETA,Comunidade Terapêutica Hebron,DAB,"R$ 610.000,00","R$ 0,00","R$ 0,00","0,00%",Impedimento Técnico,
RENATO BERGER,2025,00046.002563/2024-28,2/2025,Implementação de AÇÕES de EDUCAÇÃO permanente no âmbito da assistência à saúde da FMS,INDIRETA,Comunidade Terapêutica Hebron,DAB,"R$ 724.000,00","R$ 0,00","R$ 0,00","0,00%","Finalizada, não executada",Cotas orçamentárias não liberadas
RONCALLIN,2026,00046.009594/2025-17,6/2026,Implementação de AÇÕES de EDUCAÇÃO permanente no âmbito da assistência à saúde da FMS Capacitação de 500 servidores da FMS de Teresina em protocolos de humanização,INDIRETA,Associação Viva com Esperança,DAB,"R$ 1.507.000,00","R$ 0,00","R$ 0,00","0,00%",Está na SEMPLAN,não foi enviada para a FMS.
SAMUEL ALENCAR,2026,00046.009603/2025-65,6/2026,"Realização de mutirões de consultas para redução de fila de espera de regulação pela FMS: Oftalmologia, Ortopedia e taumatologia, Cardiologia e Neuro",INDIRETA,Associação Piauiense Desenvolver – APD,DRCAA,"R$ 1.507.000,00","R$ 0,00","R$ 0,00","0,00%",Está na SEMPLAN,não foi enviada para a FMS.
TERESINHA MEDEIROS,2025,00046.002537/2024-51,5/2025,Estruturação da Atenção Primária em Saúde (Equipamentos UBS),DIRETA,FMS,DAB,"R$ 500.000,00","R$ 0,00","R$ 0,00","0,00%","Finalizada, não executada",Cotas orçamentárias não liberadas
TERESINHA MEDEIROS,2025,00046.002539/2024-94,7/2025,"Estruturação da Atenção Especializada em Saúde (Equipamentos HOSPITAIS, CAPS, UPAS)",DIRETA,FMS,DAE,"R$ 234.000,00","R$ 0,00","R$ 0,00","0,00%","Finalizada, não executada",Cotas orçamentárias não liberadas
TERESINHA MEDEIROS,2025,00046.002540/2024-67,8/2025,Implementação de AÇÕES de EDUCAÇÃO permanente no âmbito da assistência à saúde da FMS,INDIRETA,ASSOCIAÇÃO DESPORTIVA CLUBE 29 DE ABRIL ESPORTE CLUBE,DAB,"R$ 300.000,00","R$ 0,00","R$ 0,00","0,00%",Impedimento Técnico,
TERESINHA MEDEIROS,2025,00046.002541/2024-40,9/2025,Implementação de AÇÕES de EDUCAÇÃO permanente no âmbito da assistência à saúde da FMS,INDIRETA,ASSOCIAÇÃO DESPORTIVA CLUBE 29 DE ABRIL ESPORTE CLUBE,DAB,"R$ 300.000,00","R$ 0,00","R$ 0,00","0,00%",Impedimento Técnico,
THANANDRA SARAPATINHAS,2025,00046.002529/2024-73,6/2025,Reforma e ampliação do Centro Cirúrgico HUT (limite 308m2),DIRETA,FMS,DAE,"R$ 278.800,06","R$ 0,00","R$ 0,00","0,00%","Finalizada, não executada",
THANANDRA SARAPATINHAS,2025,00046.002531/2024-19,7/2025,Aquisição de Unidade Móvel de Consultório na Rua para atender a população em situação de vulnerabilidade pela FMS.,DIRETA,FMS,DAB,"R$ 420.904,58","R$ 0,00","R$ 0,00","0,00%","Finalizada, não executada",
THANANDRA SARAPATINHAS,2025,00046.002532/2024-89,8/2025,Reforma de Unidade Básica de Saúde - UBS,DIRETA,FMS,DAB,"R$ 635.000,00","R$ 0,00","R$ 0,00","0,00%","Finalizada, não executada",
VALDEMIR VIRGINO,2025,00046.002524/2024-14,5/2025,"Realização de mutirões de consultas para redução de fila de espera de regulação pela FMS: Oftalmologia, Ortopedia e taumatologia, Cardiologia e Neuro",DIRETA,FMS,DRCAA,"R$ 724.000,00","R$ 0,00","R$ 0,00","0,00%","Finalizada, não executada",Objeto mudou em 12/12/2026
VALDEMIR VIRGINO,2025,00046.002523/2024-41,4/2025,Projeto Teresina Viva (00045.072269/2025-07),INDIRETA,Comunidade Terapêutica Hebron,DAB,"R$ 610.000,00","R$ 610.000,00","R$ 610.000,00","100,00%",Executada,Pago em sua totalidade. Aguardando prestação de contas. Aditivo não foi autorizado pela AJU. Projeto Teresina viva: 00045.072269/2025-07
VALDEMIR VIRGINO,2026,00046.009612/2025-16,8/2026,Incremento temporário MAC para Ações Qualitativas por Estabelecimentos Contratualizados/Conveniados. Projeto Visão Infantil e Saúde Integral: Diagnóstico Oftalmológico e Avaliações Multiprofissionais com Entrega de Óculos em Teresina/PI ZONA SUDESTE,INDIRETA,Clínica Batista Peggy Pemble,DAB,"R$ 1.168.000,00","R$ 0,00","R$ 0,00","0,00%",Em validação,No Conselho Municipal de Saúde de Teresina para análise da Habilitação da Organização.
VENANCIO,2025,00046.002512/2024-47,1/2025,Aquisição de veículo tipo passeio para apoio logístico (Estratégia Saúde da Família),DIRETA,FMS,DAB,"R$ 251.859,00","R$ 0,00","R$ 0,00","0,00%","Finalizada, não executada","Impossibilidade de aquisição dos referidos veículos, empresa COPAUTO COMÉRCIO PATOENSE DE AUTOMOTORES LTDA, fornecedora registrada na Ata de Registro de Preços nº 10001/2025, manifestou-se formalmente quanto à impossibilidade de fornecimento dos veículos."
VENANCIO,2025,00046.002518/2024-79,7/2025,"Realização de mutirões de exames para redução de fila de espera de regulação pela FMS: Endoscopia, Colonoscopia, Ultrassonografia e Ecocardiografia. PROJETO HORIZONTE SAUDÁVEL",INDIRETA,Associação Brasileira de Pesquisa e Tratamentos Multidisciplinares da Paralisia Cerebral - Instituto Rizo Movement,DRCAA,"R$ 540.000,00","R$ 540.000,00","R$ 270.000,00","50,00%",Em execução,"1ª Parcela paga. Gestor emitiu Parecer Técnico da Prestação de Contas, mas NÃO LIBEROU 2ª PARCELA. Aguardando análise financeira/contábil, despesas antes da vigência do termo de Fomento. PROCESSO DE PRESTAÇÃO DE CONTAS: 00045.037033/2026-97 está na DRCAA para esclarecimentos."
VENANCIO,2025,00046.002517/2024-09,6/2025,"Realização de mutirões de exames para redução de fila de espera de regulação pela FMS: Endoscopia, Colonoscopia, Ultrassonografia e Ecocardiografia. PROJETO HORIZONTE SAUDÁVEL 2",INDIRETA,Associação Brasileira de Pesquisa e Tratamentos Multidisciplinares da Paralisia Cerebral - Instituto Rizo Movement,DRCAA,"R$ 545.000,00","R$ 545.000,00","R$ 0,00","0,00%",Validada,Aguardando finalização da Emenda nº 7/2025 para que não ocorra sobreposição de objetos.
VENANCIO,2026,00046.009614/2025-59,1/2026,"Realização de mutirões de consultas para redução de fila de espera de regulação pela FMS: Oftalmologia, Ortopedia e taumatologia, Cardiologia e Neuro. PROJETO +VISÃO – MUTIRÃO DE OFTALMOLOGIA",INDIRETA,Associação Piauiense Desenvolver – APD,DRCAA,"R$ 501.000,00","R$ 0,00","R$ 0,00","0,00%",Está na SEMPLAN,não foi enviada para a FMS.
VENANCIO,2026,00046.009615/2025-32,2/2026,"Realização de mutirões de consultas para redução de fila de espera de regulação pela FMS: Oftalmologia, Ortopedia e taumatologia, Cardiologia e Neuro. SAÚDE NOS BAIRROS",INDIRETA,Associação Piauiense Desenvolver – APD,DRCAA,"R$ 502.000,00","R$ 0,00","R$ 0,00","0,00%",Está na SEMPLAN,não foi enviada para a FMS.
VENANCIO,2026,00046.009621/2025-64,8/2026,Projeto Trajetórias Vivas,INDIRETA,Associação Brasileira de Pesquisa e Tratamentos Multidisciplinares da Paralisia Cerebral - Instituto Rizo Movement,DRCAA,"R$ 504.000,00","R$ 0,00","R$ 0,00","0,00%",Está na SEMPLAN,não foi enviada para a FMS.
VINÍCIO FERREIRA,2025,00046.002510/2024-04,1/2025,Reforma de Unidade Básica de Saúde - UBS,DIRETA,FMS,DAB,"R$ 635.000,00","R$ 0,00","R$ 0,00","0,00%","Finalizada, não executada",
VINÍCIO FERREIRA,2025,00046.002511/2024-74,2/2025,Reforma de Unidade Básica de Saúde - UBS,DIRETA,FMS,DAB,"R$ 664.000,00","R$ 0,00","R$ 0,00","0,00%","Finalizada, não executada",
ZÉ FILHO,2026,00046.009622/2025-37,1/2026,"Implementação de AÇÕES de EDUCAÇÃO permanente no âmbito da assistência à saúde da FMS. Aperfeiçoamento em Enfermagem Integrada – Segurança, Urgência, Humanização, Saúde Digital e Inclusão PCD/TEA",INDIRETA,ASSOCIACÃO VIVA COM ESPERANÇA,DAB,"R$ 1.507.000,00","R$ 0,00","R$ 0,00","0,00%",Está na SEMPLAN,não foi enviada para a FMS.
ZÉ NETO,2026,00046.009629/2025-42,1/2026,"Realização de multirões de exames para redução de fila de espera de regulação pela FMS: Endoscopia, Colonoscopia, Ultrassonografia e Ecocardiografia t",DIRETA,FMS,DRCAA,"R$ 1.514.000,00","R$ 0,00","R$ 0,00","0,00%",Impedimento Técnico,Foi enviado Ofício para o vereador em 16/06/2026.